{
  "parent": "minecraft:item/handheld",
  "textures": {
    "layer0": "minecraft:item/golden_pickaxe"
  },
  "overrides": [
	{
	  "predicate": {
		"custom_model_data": 455039
      },
	  "model": "item/golden_minipick"
	},
	{
	  "predicate": {
		"custom_model_data": 455040
      },
	  "model": "item/golden_warpick"
	},
	{
	  "predicate": {
		"custom_model_data": 455041
      },
	  "model": "item/golden_paxel"
	},
	{
	  "predicate": {
		"custom_model_data": 455042
      },
	  "model": "item/golden_greatpick"
	},
	{
	  "predicate": {
		"custom_model_data": 455043
      },
	  "model": "item/golden_mallet"
	},
	{
	  "predicate": {
		"custom_model_data": 455044
      },
	  "model": "item/golden_hammer"
	},
	{
	  "predicate": {
		"custom_model_data": 455045
      },
	  "model": "item/golden_maul"
	},
	{
	  "predicate": {
		"custom_model_data": 455046
      },
	  "model": "item/golden_greathammer"
	},
	{
	  "predicate": {
		"custom_model_data": 455048
      },
	  "model": "item/golden_mattock"
	}
  ]
}