{
  "parent": "minecraft:item/handheld",
  "textures": {
    "layer0": "minecraft:item/golden_shovel"
  },
  "overrides": [
	{
	  "predicate": {
		"custom_model_data": 455041
      },
	  "model": "item/golden_paxel"
	},
	{
	  "predicate": {
		"custom_model_data": 455047
      },
	  "model": "item/golden_trowel"
	},
	{
	  "predicate": {
		"custom_model_data": 455048
      },
	  "model": "item/golden_spade"
	},
	{
	  "predicate": {
		"custom_model_data": 455050
      },
	  "model": "item/golden_pitchfork"
	},
	{
	  "predicate": {
		"custom_model_data": 455055
      },
	  "model": "item/golden_spoon"
	},
	{
	  "predicate": {
		"custom_model_data": 455056
      },
	  "model": "item/golden_ladle"
	}
  ]
}