{
	"credit": "Made with Blockbench",
	"textures": {
		"0": "extended_equipment/golden_gauntlet",
		"particle": "extended_equipment/golden_gauntlet"
	},
	"elements": [
		{
			"name": "fist",
			"from": [6, 0, 6],
			"to": [10, 8, 10],
			"faces": {
				"north": {"uv": [4, 4, 8, 12], "texture": "#0"},
				"east": {"uv": [0, 4, 4, 12], "texture": "#0"},
				"south": {"uv": [12, 4, 16, 12], "texture": "#0"},
				"west": {"uv": [8, 4, 12, 12], "texture": "#0"},
				"up": {"uv": [8, 4, 4, 0], "texture": "#0"},
				"down": {"uv": [12, 0, 8, 4], "texture": "#0"}
			}
		},
		{
			"name": "fist_inside",
			"from": [10, 8, 10],
			"to": [6.02, 0.02, 6.02],
			"rotation": {"angle": 0, "axis": "y", "origin": [8.01, 3.99, 8.01]},
			"faces": {
				"north": {"uv": [12, 12, 16, 4], "texture": "#0"},
				"east": {"uv": [8, 12, 12, 4], "texture": "#0"},
				"south": {"uv": [4, 12, 8, 4], "texture": "#0"},
				"west": {"uv": [0, 12, 4, 4], "texture": "#0"},
				"up": {"uv": [12, 4, 8, 0], "rotation": 180, "texture": "#0"},
				"down": {"uv": [8, 0, 4, 4], "rotation": 180, "texture": "#0"}
			}
		}
	],
	"display": {
		"thirdperson_righthand": {
			"rotation": [90, 0, 0],
			"translation": [0, -2, 8.5],
			"scale": [1.2, 1.2, 1.2]
		},
		"thirdperson_lefthand": {
			"rotation": [90, -180, 0],
			"translation": [0, -2, 8.5],
			"scale": [1.2, 1.2, 1.2]
		},
		"firstperson_righthand": {
			"rotation": [125, 75, 25],
			"translation": [-3.5, -2, 6]
		},
		"firstperson_lefthand": {
			"rotation": [125, -105, -25],
			"translation": [-3.5, -2, 6]
		},
		"ground": {
			"translation": [0, 4, 0],
			"scale": [0.75, 0.75, 0.75]
		},
		"gui": {
			"rotation": [30, 225, 90],
			"translation": [6, 3, 0],
			"scale": [1.5, 1.5, 1.5]
		},
		"fixed": {
			"rotation": [-180, 90, -180],
			"translation": [0, 5.5, -2.25]
		}
	}
}