{
  "parent": "minecraft:item/handheld",
  "textures": {
    "layer0": "minecraft:item/iron_hoe"
  },
  "overrides": [
	{
	  "predicate": {
		"custom_model_data": 455049
      },
	  "model": "item/iron_mattock"
	},
	{
	  "predicate": {
		"custom_model_data": 455050
      },
	  "model": "item/iron_pitchfork"
	},
	{
	  "predicate": {
		"custom_model_data": 455051
      },
	  "model": "item/iron_sickle"
	},
	{
	  "predicate": {
		"custom_model_data": 455052
      },
	  "model": "item/iron_crook"
	},
	{
	  "predicate": {
		"custom_model_data": 455053
      },
	  "model": "item/iron_scythe"
	}
  ]
}