{
  "parent": "minecraft:item/handheld",
  "textures": {
    "layer0": "minecraft:item/iron_shovel"
  },
  "overrides": [
	{
	  "predicate": {
		"custom_model_data": 455041
      },
	  "model": "item/iron_paxel"
	},
	{
	  "predicate": {
		"custom_model_data": 455047
      },
	  "model": "item/iron_trowel"
	},
	{
	  "predicate": {
		"custom_model_data": 455048
      },
	  "model": "item/iron_spade"
	},
	{
	  "predicate": {
		"custom_model_data": 455050
      },
	  "model": "item/iron_pitchfork"
	},
	{
	  "predicate": {
		"custom_model_data": 455055
      },
	  "model": "item/iron_spoon"
	},
	{
	  "predicate": {
		"custom_model_data": 455056
      },
	  "model": "item/iron_ladle"
	}
  ]
}