{
	"credit": "Made with Blockbench",
	"textures": {
		"0": "extended_equipment/netherite_talons"
	},
	"elements": [
		{
			"name": "fist",
			"from": [6, 0, 6],
			"to": [10, 8, 10],
			"rotation": {"angle": 0, "axis": "y", "origin": [8, 4, 8]},
			"faces": {
				"north": {"uv": [4, 4, 8, 12], "texture": "#0"},
				"east": {"uv": [0, 4, 4, 12], "texture": "#0"},
				"south": {"uv": [12, 4, 16, 12], "texture": "#0"},
				"west": {"uv": [8, 4, 12, 12], "texture": "#0"},
				"up": {"uv": [8, 4, 4, 0], "texture": "#0"},
				"down": {"uv": [12, 0, 8, 4], "texture": "#0"}
			}
		},
		{
			"name": "claw",
			"from": [9.02, -2, 5.98],
			"to": [10.02, 1, 6.98],
			"rotation": {"angle": 0, "axis": "y", "origin": [8.75, 2.755, 7.51]},
			"faces": {
				"north": {"uv": [2, 13, 3, 16], "texture": "#0"},
				"east": {"uv": [1, 13, 2, 16], "texture": "#0"},
				"south": {"uv": [0, 13, 1, 16], "texture": "#0"},
				"west": {"uv": [3, 13, 4, 16], "texture": "#0"},
				"up": {"uv": [2, 13, 1, 12], "rotation": 90, "texture": "#0"},
				"down": {"uv": [3, 12, 2, 13], "rotation": 270, "texture": "#0"}
			}
		},
		{
			"name": "claw",
			"from": [9.02, -2, 7.5],
			"to": [10.02, 1, 8.5],
			"rotation": {"angle": 0, "axis": "y", "origin": [8.75, 2.755, 7.51]},
			"faces": {
				"north": {"uv": [2, 13, 3, 16], "texture": "#0"},
				"east": {"uv": [1, 13, 2, 16], "texture": "#0"},
				"south": {"uv": [0, 13, 1, 16], "texture": "#0"},
				"west": {"uv": [3, 13, 4, 16], "texture": "#0"},
				"up": {"uv": [2, 13, 1, 12], "rotation": 90, "texture": "#0"},
				"down": {"uv": [3, 12, 2, 13], "rotation": 270, "texture": "#0"}
			}
		},
		{
			"name": "claw",
			"from": [9.02, -2, 9.02],
			"to": [10.02, 1, 10.02],
			"rotation": {"angle": 0, "axis": "y", "origin": [8.75, 2.755, 7.51]},
			"faces": {
				"north": {"uv": [2, 13, 3, 16], "texture": "#0"},
				"east": {"uv": [1, 13, 2, 16], "texture": "#0"},
				"south": {"uv": [0, 13, 1, 16], "texture": "#0"},
				"west": {"uv": [3, 13, 4, 16], "texture": "#0"},
				"up": {"uv": [2, 13, 1, 12], "rotation": 90, "texture": "#0"},
				"down": {"uv": [3, 12, 2, 13], "rotation": 270, "texture": "#0"}
			}
		},
		{
			"name": "fist_inside",
			"from": [10, 8, 10],
			"to": [6.02, 0.02, 6.02],
			"rotation": {"angle": 0, "axis": "y", "origin": [8.01, 4.01, 8.01]},
			"faces": {
				"north": {"uv": [12, 12, 16, 4], "texture": "#0"},
				"east": {"uv": [8, 12, 12, 4], "texture": "#0"},
				"south": {"uv": [4, 12, 8, 4], "texture": "#0"},
				"west": {"uv": [0, 12, 4, 4], "texture": "#0"},
				"up": {"uv": [12, 4, 8, 0], "rotation": 180, "texture": "#0"},
				"down": {"uv": [8, 0, 4, 4], "rotation": 180, "texture": "#0"}
			}
		}
	],
	"gui_light": "front",
	"display": {
		"thirdperson_righthand": {
			"rotation": [90, 0, 0],
			"translation": [0, -2, 8.5],
			"scale": [1.2, 1.2, 1.2]
		},
		"thirdperson_lefthand": {
			"rotation": [90, -180, 0],
			"translation": [0, -2, 8.5],
			"scale": [1.2, 1.2, 1.2]
		},
		"firstperson_righthand": {
			"rotation": [125, 75, 25],
			"translation": [-3.5, -2, 6]
		},
		"firstperson_lefthand": {
			"rotation": [125, -105, -25],
			"translation": [-3.5, -2, 6]
		},
		"ground": {
			"rotation": [-180, 0, 0],
			"translation": [0, -3, 0],
			"scale": [0.75, 0.75, 0.75]
		},
		"gui": {
			"rotation": [30, 225, 90],
			"translation": [7, 3, 0],
			"scale": [1.5, 1.5, 1.5]
		},
		"fixed": {
			"rotation": [-180, 90, -180],
			"translation": [0, 5.5, -2.25]
		}
	}
}