{
  "parent": "minecraft:item/handheld",
  "textures": {
    "layer0": "minecraft:item/netherite_shovel"
  },
  "overrides": [
	{
	  "predicate": {
		"custom_model_data": 455041
      },
	  "model": "item/netherite_paxel"
	},
	{
	  "predicate": {
		"custom_model_data": 455047
      },
	  "model": "item/netherite_trowel"
	},
	{
	  "predicate": {
		"custom_model_data": 455048
      },
	  "model": "item/netherite_spade"
	},
	{
	  "predicate": {
		"custom_model_data": 455050
      },
	  "model": "item/netherite_pitchfork"
	},
	{
	  "predicate": {
		"custom_model_data": 455055
      },
	  "model": "item/netherite_spoon"
	},
	{
	  "predicate": {
		"custom_model_data": 455056
      },
	  "model": "item/netherite_ladle"
	}
  ]
}