{
  "parent": "minecraft:item/handheld",
  "textures": {
    "layer0": "minecraft:item/netherite_pickaxe"
  },
  "overrides": [
	{
	  "predicate": {
		"custom_model_data": 455039
      },
	  "model": "item/netherite_minipick"
	},
	{
	  "predicate": {
		"custom_model_data": 455040
      },
	  "model": "item/netherite_warpick"
	},
	{
	  "predicate": {
		"custom_model_data": 455041
      },
	  "model": "item/netherite_paxel"
	},
	{
	  "predicate": {
		"custom_model_data": 455042
      },
	  "model": "item/netherite_greatpick"
	},
	{
	  "predicate": {
		"custom_model_data": 455043
      },
	  "model": "item/netherite_mallet"
	},
	{
	  "predicate": {
		"custom_model_data": 455044
      },
	  "model": "item/netherite_hammer"
	},
	{
	  "predicate": {
		"custom_model_data": 455045
      },
	  "model": "item/netherite_maul"
	},
	{
	  "predicate": {
		"custom_model_data": 455046
      },
	  "model": "item/netherite_greathammer"
	},
	{
	  "predicate": {
		"custom_model_data": 455048
      },
	  "model": "item/netherite_mattock"
	}
  ]
}